main,tp,fn,fp,tn,accuracy,precision,recall
270/0,91,9,38,62,0.765,0.7054263565891473,0.91
270/1,91,9,41,59,0.75,0.6893939393939394,0.91
236/0,90,10,36,64,0.77,0.7142857142857143,0.9
236/1,89,11,41,59,0.74,0.6846153846153846,0.89
