main,neg_res,non_res
250/1,90.10989010989012,64.77272727272727
